Play,Expert,Odds,Units,Name,Payout,Profit,Team,Opponent,Hmcrt_adv,All Game Percentages,All Game Correct,Last 5 Percentages,Last 5 Correct,Last 10 Percentages,Last 10 Correct
M.Meyer u15.5 Outs,SBK5065,-130,1.0,M.Meyer,1.7692307692307692,0.7692307692307692,Miami Marlins,Colorado Rockies,0,0.5555555555555556,1,0.6,1,0.5555555555555556,1
D.Festa u15.5 Outs,SBK5065,-167,1.67,D.Festa,2.6699999999999995,0.9999999999999996,Minnesota Twins,Atlanta Braves,1,1.0,1,1.0,1,1.0,1
M.Gore u15.5 Outs,SBK5065,-165,1.0,M.Gore,1.606060606060606,0.606060606060606,Washington Nationals,New York Yankees,1,0.5384615384615384,1,0.4,0,0.6,1
K.Harrison u15.5 Outs,SBK5065,-143,1.0,K.Harrison,1.6993006993006992,0.6993006993006992,San Francisco Giants,Milwaukee Brewers,0,0.5454545454545454,1,0.6,1,0.5,0
O.Bido u15.5 Outs,SBK5065,-152,1.0,O.Bido,1.6578947368421053,0.6578947368421053,Oakland Athletics,Cincinnati Reds,0,0.5714285714285714,1,0.4,0,0.5714285714285714,1
L.Severino u17.5 Outs,KyleJustBets,-120,1.0,L.Severino,1.8333333333333333,0.8333333333333335,New York Mets,Arizona Diamondbacks,0,0.44,0,0.8,1,0.5,0
