,Unnamed: 0,Play,Expert,Odds,Units,Name,Payout,Profit,Team,Opponent,Hmcrt_adv,All Game Percentages,All Game Correct,Last 5 Percentages,Last 5 Correct,Last 10 Percentages,Last 10 Correct
4,4,K.Bradish u5.5 Ks,cowhitchurch,-145,0.73,K.Bradish,1.233448275862069,0.5034482758620691,Baltimore Orioles,Washington Nationals,0.0,1.0,1,1.0,1,1.0,1
9,9,J.Hicks o4.5 Ks,PropBetGuy,105,1.0,J.Hicks,2.05,1.0499999999999998,San Francisco Giants,Colorado Rockies,0.0,0.5714285714285714,1,0.4,0,0.5714285714285714,1
10,10,J.Hicks o4.5 Ks,_Collin1,116,0.5,J.Hicks,1.08,0.5800000000000001,San Francisco Giants,Colorado Rockies,0.0,0.5714285714285714,1,0.4,0,0.5714285714285714,1
13,13,A.Nola o5.5 Ks,Thespinzone,108,0.22,A.Nola,0.4576,0.2376,Philadelphia Phillies,Toronto Blue Jays,1.0,0.4285714285714285,0,0.6,1,0.4285714285714285,0
15,15,A.Nola o5.5 Ks,AnthonyDabbundo,-102,1.0,A.Nola,1.9803921568627447,0.9803921568627452,Philadelphia Phillies,Toronto Blue Jays,1.0,0.4285714285714285,0,0.6,1,0.4285714285714285,0
23,23,G.Stone u5.5 Ks,PropBetGuy,-138,1.0,G.Stone,1.7246376811594204,0.7246376811594204,Los Angeles Dodgers,Miami Marlins,1.0,0.8333333333333334,1,1.0,1,0.8333333333333334,1
36,36,B.Singer o5.5 ks,Jason Radowitz,136,1.0,B.Singer,2.3600000000000003,1.3600000000000003,Kansas City Royals,Milwaukee Brewers,1.0,0.4285714285714285,0,0.4,0,0.4285714285714285,0
38,38,J.Hicks o4.5 ks,Jason Radowitz,-104,1.0,J.Hicks,1.9615384615384617,0.9615384615384616,San Francisco Giants,Colorado Rockies,0.0,0.5714285714285714,1,0.4,0,0.5714285714285714,1
