,Play,Expert,Odds,Units,Payout,Team,Name,Opponent,Hmcrt_adv,Profit,Correct,All Game Percentages,All Game Correct,Last 5 Percentages,Last 5 Correct,Last 10 Percentages,Last 10 Correct
0,B.Miller o5.5 Ks,The_Oddsmaker,-130,1.3,2.3,Seattle Mariners,B.Miller,Cincinnati Reds,1.0,0.9999999999999998,Y,0.6666666666666666,1,0.6666666666666666,1,0.6666666666666666,1
1,D.Dunning o4.5 Ks,cowhitchurch,-136,0.5,0.8676470588235294,Texas Rangers,D.Dunning,Detroit Tigers,0.0,0.3676470588235294,Y,0.6666666666666666,1,0.6666666666666666,1,0.6666666666666666,1
2,R.Detmers o5.5 strikeouts,Teddy Ricketson,-170,1.0,1.5882352941176472,Los Angeles Angels,R.Detmers,Tampa Bay Rays,0.0,0.5882352941176472,N,1.0,1,1.0,1,1.0,1
3,J.Wicks o1.5 walks allowed,Teddy Ricketson,-165,1.0,1.606060606060606,Chicago Cubs,J.Wicks,Arizona Diamondbacks,0.0,0.606060606060606,N,0.6666666666666666,1,0.6666666666666666,1,0.6666666666666666,1
4,J.Wicks o1.5 walks allowed,Teddy Ricketson,-165,1.0,1.606060606060606,Chicago Cubs,J.Wicks,Arizona Diamondbacks,0.0,0.606060606060606,N,0.6666666666666666,1,0.6666666666666666,1,0.6666666666666666,1
