,Play,Expert,Odds,Units,Payout,Team,Name,Opponent,Hmcrt_adv,Profit,Correct,All Game Percentages,All Game Correct,Last 5 Percentages,Last 5 Correct,Last 10 Percentages,Last 10 Correct
0,L.Severino u5.5 Ks,SBK5065,-150,1.0,1.6666666666666663,New York Mets,L.Severino,Tampa Bay Rays,0.0,0.6666666666666665,N,0.6666666666666666,1.0,0.8,1.0,0.6666666666666666,1.0
1,J.Boyle u5.5 Ks,PropBetGuy,-115,1.15,2.1499999999999995,Oakland Athletics,J.Boyle,Miami Marlins,1.0,0.9999999999999996,Y,0.6666666666666666,1.0,0.6,1.0,0.6666666666666666,1.0
2,G.Canning u4.5 Ks,SBK5065,-150,1.0,1.6666666666666663,Los Angeles Angels,G.Canning,Cleveland Guardians,0.0,0.6666666666666665,N,0.8333333333333334,1.0,0.8,1.0,0.8333333333333334,1.0
3,G.Canning u4.5 ks,Jason Radowitz,-156,1.0,1.641025641025641,Los Angeles Angels,G.Canning,Cleveland Guardians,0.0,0.641025641025641,N,0.8333333333333334,1.0,0.8,1.0,0.8333333333333334,1.0
4,J.Ryan o7.5 ks,Jason Radowitz,114,1.0,2.14,Minnesota Twins,J.Ryan,Boston Red Sox,1.0,1.1399999999999997,N,0.3333333333333333,0.0,0.4,0.0,0.3333333333333333,0.0
5,G.Crochet o5.5 strikeouts,Teddy Ricketson,-135,1.0,1.7407407407407407,Chicago White Sox,G.Crochet,St Louis Cardinals,0.0,0.7407407407407407,Y,0.7142857142857143,1.0,0.6,1.0,0.7142857142857143,1.0
